Customer_id,first_name,last_name,email,gender,Password,Referral_code
1,Filmer,Di Carlo,fdicarlo0@yahoo.com,Male,lK5XKqBRgLte,GET15
2,Sylvester,Huncoot,shuncoot1@example.com,Male,TJiIMCKDkQ,""
3,Ave,Feitosa,afeitosa2@php.net,Male,X7smKPABhpLi,GET50
4,Nikoletta,Lappin,nlappin3@unblog.fr,Female,IgZgvD,NEWUSER
5,Verge,Brenard,vbrenard4@squarespace.com,Male,DUEmlR8ma,GET15
6,Enrico,Curwood,ecurwood5@seattletimes.com,Male,eU5h6t,GET20
7,Reg,Rama,rrama6@etsy.com,Male,rb1caf,NEWUSER
8,Una,Anstee,uanstee7@fastcompany.com,Female,jpHeGgie9ji,NEWUSER
9,Cheslie,Dulinty,cdulinty8@youtu.be,Female,FkqmEJ4oo3uk,NEWUSER
10,Markus,Eivers,meivers9@pcworld.com,Male,5QMZGwwVl00v,NEWUSER
11,Sandro,Jaskowicz,sjaskowicza@soup.io,Male,CwEJBV1N,NEWUSER
12,Ethelred,Ballintyne,eballintyneb@friendfeed.com,Male,2E8g7nW4TwZD,GET20
13,Rosemonde,Disney,rdisneyc@webmd.com,Female,wA1n1ES3Z,NEWUSER
14,Rodolph,Clapperton,rclappertond@google.co.jp,Male,AsmjoH9rDJSN,GET20
15,Charlena,Haugg,chaugge@hao123.com,Female,TtDn7Lg,GET50
16,Kayla,Dadley,kdadleyf@va.gov,Female,gmj1J3N5,GET20
17,Janel,Bolte,jbolteg@webeden.co.uk,Female,W5aNuZ,GET15
18,Rick,Cluer,rcluerh@ebay.com,Male,vuHQ7OA,NEWUSER
19,Rip,Saxby,rsaxbyi@studiopress.com,Male,kFpMulqlZ0Na,GET10
20,Maury,Wheildon,mwheildonj@delicious.com,Male,aS7QaNolPeXh,GET15
21,Tristam,Pointing,tpointingk@wiley.com,Male,NIYErMCc9a,GET20
22,Sheeree,Walkington,swalkingtonl@stanford.edu,Female,G1SIXSaU,NEWUSER
23,Mona,Dossettor,mdossettorm@newyorker.com,Female,32gDBRlxie,NEWUSER
24,Ax,Blowick,ablowickn@tumblr.com,Male,qgR67fEPs9k,GET10
25,Madelene,McCurry,mmccurryo@studiopress.com,Female,iY9xItSYR,GET15
26,Kellina,Freund,kfreundp@pagesperso-orange.fr,Female,BUUwa6W,GET10
27,Fidelio,Aiers,faiersq@uiuc.edu,Male,jwPrEF,NEWUSER
28,Corella,Alfuso,calfusor@webnode.com,Female,AQoZ7SbUe,""
29,Chrissy,Leinthall,cleinthalls@amazon.co.uk,Female,qX4MnF,GET15
30,Graehme,Trickett,gtrickettt@flickr.com,Male,VW0oLHjmm4Ss,GET50
31,Boony,Moxom,bmoxomu@shareasale.com,Male,lxnt1j,NEWUSER
32,Ban,Stiegers,bstiegersv@uiuc.edu,Male,01trhXLa,GET50
33,Nikolai,Coverlyn,ncoverlynw@geocities.com,Male,kTDU5KFUf0,GET20
34,Thurstan,Yter,tyterx@etsy.com,Male,TMkVbgZDlVF,GET10
35,Andromache,Christoffersen,achristofferseny@microsoft.com,Female,Tl7kDJ,GET15
36,Liesa,Toler,ltolerz@tuttocitta.it,Female,FuQmnfC,GET10
37,Sander,Clemmitt,sclemmitt10@who.int,Male,sLV2tBpbgP,NEWUSER
38,Nowell,Drivers,ndrivers11@istockphoto.com,Male,K8wMgxo,GET50
39,Kacy,Cradoc,kcradoc12@indiegogo.com,Female,nTIPwyXAZXNl,""
40,Barbara,Lackinton,blackinton13@cocolog-nifty.com,Female,Q4BUEHRv,""
41,Archer,Torbeck,atorbeck14@parallels.com,Male,ljdxFOr0,NEWUSER
42,Kristo,Walsham,kwalsham15@technorati.com,Male,7XMtilxDzp3Q,NEWUSER
43,Rollie,Becerro,rbecerro16@is.gd,Male,19pKxzk1ue,GET20
44,Cole,Scates,cscates17@dot.gov,Male,HvMl20,GET50
45,Far,Galilee,fgalilee18@mayoclinic.com,Male,6SeLCQXdIt,""
46,Lucia,de Castelain,ldecastelain19@ed.gov,Female,pznEF3ZZ4y,GET50
47,Sinclare,Taye,staye1a@yahoo.com,Male,3GfgrY0Cy,GET20
48,Albert,Brun,abrun1b@reddit.com,Male,zzSaXc,GET15
49,Ezechiel,Dark,edark1c@geocities.jp,Male,BubGqqPM3,GET50
50,Franny,Croasdale,fcroasdale1d@artisteer.com,Female,Fl1cLGRX,""
51,Laurens,Schubart,lschubart1e@stumbleupon.com,Male,q1UBwaJxpn,""
52,Dorris,Fabler,dfabler1f@webeden.co.uk,Female,X9X2deCczHRp,GET50
53,Clare,Kincade,ckincade1g@vkontakte.ru,Female,PUMGg3d,GET20
54,Calv,Greenlees,cgreenlees1h@ameblo.jp,Male,JbEIEj,GET15
55,Cirstoforo,Hevey,chevey1i@ustream.tv,Male,WSl9nBHoyMB,GET10
56,Bailey,Byway,bbyway1j@wufoo.com,Male,SxFUAAju,""
57,Helenelizabeth,Currm,hcurrm1k@constantcontact.com,Female,2z5fpx,GET50
58,Bryant,Simonyi,bsimonyi1l@stanford.edu,Male,MaWMXcd,GET20
59,Terry,Walcot,twalcot1m@dailymail.co.uk,Male,pY5nXVSGj,""
60,Audie,Halleday,ahalleday1n@domainmarket.com,Female,CLQQVE07lwv,GET20
61,Alidia,Antonik,aantonik1o@virginia.edu,Female,iZgDg8imdg1N,""
62,Marylinda,Blamey,mblamey1p@naver.com,Female,Y7aTNam1nz2,GET10
63,Wesley,Bagnell,wbagnell1q@twitter.com,Male,YhqJiYB,NEWUSER
64,Arnold,Fagence,afagence1r@ox.ac.uk,Male,qIEgMbCgO,NEWUSER
65,Falkner,Greetham,fgreetham1s@google.nl,Male,eRLomqrMwTI,NEWUSER
66,Vasily,Blaase,vblaase1t@intel.com,Male,4BHyfZsEIAX,NEWUSER
67,Rogerio,Tackes,rtackes1u@soundcloud.com,Male,t9JUlYxt,GET50
68,Griff,Owenson,gowenson1v@ocn.ne.jp,Male,Qx0zvBW9,GET50
69,Randie,Farlham,rfarlham1w@stanford.edu,Male,wjuQ5e,GET20
70,Whit,MacAlester,wmacalester1x@friendfeed.com,Male,yqw9p0,""
71,Konstantine,Clerc,kclerc1y@cbc.ca,Male,g41nL1l,""
72,Maribeth,Copland,mcopland1z@home.pl,Female,PmfqBUsjt,NEWUSER
73,Masha,Patshull,mpatshull20@answers.com,Female,MTVBxh,GET20
74,Bevvy,Bream,bbream21@typepad.com,Female,SZXHzmzPQ6I,""
75,Malissia,Burland,mburland22@discovery.com,Female,ZHBAqiI,GET10
76,Dar,Stiggers,dstiggers23@meetup.com,Male,rSPXz5Hb,GET15
77,Jule,Boord,jboord24@liveinternet.ru,Male,EAccc79,GET20
78,Orland,Carlos,ocarlos25@newyorker.com,Male,ZpCWsyxH,GET10
79,Mateo,Mahaddie,mmahaddie26@springer.com,Male,QVDDlRPI2,NEWUSER
80,Laverne,MacCome,lmaccome27@goo.ne.jp,Female,BpYQ1M,GET10
81,Collete,Ovill,covill28@com.com,Female,9qZpjMC,GET50
82,Sydney,Entwhistle,sentwhistle29@wikia.com,Male,TTumcZDKh8Aj,GET50
83,Ferdie,Knifton,fknifton2a@gov.uk,Male,flS0fd,GET10
84,Lyle,Gilroy,lgilroy2b@google.pl,Male,ZhempXGU,GET50
85,Bert,Dhillon,bdhillon2c@nhs.uk,Female,zzC7G43Ixqo,GET50
86,Maurie,Tomes,mtomes2d@msu.edu,Male,5c9bITb,""
87,Agata,Boaler,aboaler2e@europa.eu,Female,xti49XtHqiF,GET50
88,Marijn,Alentyev,malentyev2f@discuz.net,Male,s06TELMsyXxe,GET15
89,Garey,Blakeden,gblakeden2g@sfgate.com,Male,mRpHPT4,GET10
90,Guilbert,Cutriss,gcutriss2h@tinyurl.com,Male,JKro4XUH76,GET50
91,Justino,Attwood,jattwood2i@hatena.ne.jp,Male,ix32zkRF1eIR,GET15
92,Winny,Ilieve,wilieve2j@desdev.cn,Female,PE3Hkr,GET20
93,Fairlie,Stranks,fstranks2k@pagesperso-orange.fr,Male,YCTRLV3sz2Yo,NEWUSER
94,Nonah,Rutter,nrutter2l@ucsd.edu,Female,C501hgnl7Qmm,GET20
95,Hali,Desaur,hdesaur2m@de.vu,Female,KLqRZfC,NEWUSER
96,Colly,Murley,cmurley2n@hp.com,Female,gqAKrGjCYgID,""
97,Elvin,Waldram,ewaldram2o@delicious.com,Male,ODLMBzk9,""
98,Josee,Allender,jallender2p@springer.com,Female,iXOy1YtzKSgB,""
99,Christyna,Snodden,csnodden2q@paginegialle.it,Female,aQOvOZ3k2B9,""
100,Almeta,Broz,abroz2r@diigo.com,Female,aTwFvc,GET50
