roomType,capacity,fare,hotel_name,room_id,company_id
6 - Star Room,4,1000,Hilton: Goa,001,HOT001
5 - Star Room,1,2000,Hilton: Goa,002,HOT001
3 - Star Room,1,5000,Hilton: Goa,003,HOT001
6 - Star Room,1,4000,Hilton: Goa,004,HOT001
2 - Star Room,3,4000,Hilton: Goa,005,HOT001
6 - Star Room,4,2000,Hilton: Goa,006,HOT001
3 - Star Room,4,2000,Hilton: Goa,007,HOT001
3 - Star Room,3,3000,Hilton: Goa,008,HOT001
3 - Star Room,4,1000,Hilton: Goa,009,HOT001
1 - Star Room,3,2000,Hilton: Goa,010,HOT001
6 - Star Room,1,1000,Hilton: Goa,011,HOT001
1 - Star Room,2,5000,Hilton: Goa,012,HOT001
2 - Star Room,4,2000,Hilton: Goa,013,HOT001
4 - Star Room,4,1000,Hilton: Goa,014,HOT001
2 - Star Room,4,3000,Hilton: Assam,015,HOT001
6 - Star Room,4,2000,Hilton: Assam,016,HOT001
5 - Star Room,2,1000,Hilton: Assam,017,HOT001
5 - Star Room,1,5000,Hilton: Assam,018,HOT001
4 - Star Room,3,5000,Hilton: Assam,019,HOT001
6 - Star Room,2,1000,Hilton: Assam,020,HOT001
6 - Star Room,2,3000,Hilton: Assam,021,HOT001
6 - Star Room,2,1000,Hilton: Assam,022,HOT001
3 - Star Room,2,3000,Hilton: Assam,023,HOT001
5 - Star Room,2,3000,Hilton: Assam,024,HOT001
5 - Star Room,2,2000,Hilton: Assam,025,HOT001
3 - Star Room,4,1000,Hilton: Assam,026,HOT001
5 - Star Room,1,4000,Hilton: Assam,027,HOT001
4 - Star Room,4,1000,Hilton: Madhya Pradesh,028,HOT001
6 - Star Room,4,4000,Hilton: Madhya Pradesh,029,HOT001
6 - Star Room,1,1000,Hilton: Madhya Pradesh,030,HOT001
4 - Star Room,4,4000,Hilton: Madhya Pradesh,031,HOT001
3 - Star Room,3,4000,Hilton: Madhya Pradesh,032,HOT001
4 - Star Room,3,4000,Hilton: Puducherry,033,HOT001
6 - Star Room,3,2000,Hilton: Puducherry,034,HOT001
4 - Star Room,2,4000,Hilton: Puducherry,035,HOT001
4 - Star Room,1,1000,Hilton: Puducherry,036,HOT001
1 - Star Room,4,4000,Hilton: Puducherry,037,HOT001
4 - Star Room,4,1000,Hilton: Puducherry,038,HOT001
4 - Star Room,2,2000,Hilton: Puducherry,039,HOT001
2 - Star Room,3,3000,Hilton: Puducherry,040,HOT001
2 - Star Room,3,2000,Hilton: Puducherry,041,HOT001
2 - Star Room,3,2000,Hilton: Puducherry,042,HOT001
1 - Star Room,1,2000,Hilton: Puducherry,043,HOT001
6 - Star Room,1,3000,Hilton: Puducherry,044,HOT001
3 - Star Room,2,3000,Hilton: Puducherry,045,HOT001
2 - Star Room,2,1000,Hilton: Puducherry,046,HOT001
4 - Star Room,2,4000,Hilton: Tamil Nadu,047,HOT001
1 - Star Room,2,3000,Hilton: Tamil Nadu,048,HOT001
1 - Star Room,2,5000,Hilton: Tamil Nadu,049,HOT001
2 - Star Room,4,4000,Hilton: Tamil Nadu,050,HOT001
6 - Star Room,2,5000,Hilton: Tamil Nadu,051,HOT001
3 - Star Room,4,4000,Hilton: Tamil Nadu,052,HOT001
1 - Star Room,4,4000,Hilton: Tamil Nadu,053,HOT001
2 - Star Room,4,2000,Hilton: Tamil Nadu,054,HOT001
3 - Star Room,3,4000,Hilton: Tamil Nadu,055,HOT001
5 - Star Room,2,5000,Hilton: Tamil Nadu,056,HOT001
4 - Star Room,1,5000,Hilton: Tamil Nadu,057,HOT001
1 - Star Room,3,5000,Hilton: Tamil Nadu,058,HOT001
2 - Star Room,3,2000,Hilton: Tamil Nadu,059,HOT001
2 - Star Room,2,2000,Hilton: Jammu and Kashmir,060,HOT001
1 - Star Room,2,1000,Hilton: Jammu and Kashmir,061,HOT001
5 - Star Room,3,1000,Hilton: Jammu and Kashmir,062,HOT001
4 - Star Room,2,5000,Hilton: Jammu and Kashmir,063,HOT001
3 - Star Room,2,5000,Hilton: Jammu and Kashmir,064,HOT001
6 - Star Room,3,3000,Hilton: Jammu and Kashmir,065,HOT001
3 - Star Room,1,3000,Hilton: Jammu and Kashmir,066,HOT001
2 - Star Room,2,1000,Hilton: Jammu and Kashmir,067,HOT001
5 - Star Room,2,1000,Hilton: Jammu and Kashmir,068,HOT001
2 - Star Room,3,2000,Hilton: Jammu and Kashmir,069,HOT001
4 - Star Room,2,1000,Hilton: Jammu and Kashmir,070,HOT001
3 - Star Room,3,5000,Hilton: Jammu and Kashmir,071,HOT001
5 - Star Room,3,4000,Hilton: Jammu and Kashmir,072,HOT001
1 - Star Room,4,2000,Hilton: Jammu and Kashmir,073,HOT001
1 - Star Room,4,1000,Hilton: Jammu and Kashmir,074,HOT001
3 - Star Room,1,2000,Hilton: Bihar,075,HOT001
5 - Star Room,2,5000,Hilton: Bihar,076,HOT001
6 - Star Room,1,4000,Hilton: Bihar,077,HOT001
1 - Star Room,2,5000,Hilton: Bihar,078,HOT001
6 - Star Room,4,5000,Hilton: Bihar,079,HOT001
4 - Star Room,2,5000,Hilton: Bihar,080,HOT001
5 - Star Room,3,2000,Hilton: Bihar,081,HOT001
2 - Star Room,2,1000,Hilton: Bihar,082,HOT001
5 - Star Room,4,3000,Hilton: Bihar,083,HOT001
5 - Star Room,1,4000,Hilton: Bihar,084,HOT001
2 - Star Room,4,3000,Hilton: Bihar,085,HOT001
4 - Star Room,4,2000,Hilton: Maharashtra,086,HOT001
3 - Star Room,1,5000,Hilton: Maharashtra,087,HOT001
5 - Star Room,3,4000,Hilton: Maharashtra,088,HOT001
6 - Star Room,4,2000,Hilton: Maharashtra,089,HOT001
2 - Star Room,2,3000,Hilton: Maharashtra,090,HOT001
6 - Star Room,1,2000,Hilton: Maharashtra,091,HOT001
3 - Star Room,2,4000,Hilton: Maharashtra,092,HOT001
1 - Star Room,1,1000,Hilton: Maharashtra,093,HOT001
3 - Star Room,4,1000,Hilton: Maharashtra,094,HOT001
6 - Star Room,4,3000,Hilton: Telangana,095,HOT001
4 - Star Room,4,4000,Hilton: Telangana,096,HOT001
1 - Star Room,1,3000,Hilton: Telangana,097,HOT001
3 - Star Room,2,4000,Hilton: Telangana,098,HOT001
6 - Star Room,2,5000,Hilton: Telangana,099,HOT001
5 - Star Room,1,1000,Hilton: Telangana,100,HOT001
4 - Star Room,1,1000,Hilton: Telangana,101,HOT001
6 - Star Room,3,1000,Hilton: Telangana,102,HOT001
1 - Star Room,4,4000,Hilton: Telangana,103,HOT001
1 - Star Room,3,5000,Hilton: Telangana,104,HOT001
1 - Star Room,2,3000,Hilton: Karnataka,105,HOT001
4 - Star Room,1,4000,Hilton: Karnataka,106,HOT001
3 - Star Room,2,4000,Hilton: Karnataka,107,HOT001
6 - Star Room,2,1000,Hilton: Karnataka,108,HOT001
4 - Star Room,1,1000,Hilton: Karnataka,109,HOT001
2 - Star Room,2,5000,Hilton: Karnataka,110,HOT001
5 - Star Room,2,4000,Hilton: Karnataka,111,HOT001
2 - Star Room,4,5000,Hilton: Karnataka,112,HOT001
3 - Star Room,1,2000,Hilton: Karnataka,113,HOT001
3 - Star Room,2,2000,Hilton: Karnataka,114,HOT001
5 - Star Room,4,4000,Hilton: Karnataka,115,HOT001
5 - Star Room,3,4000,Hilton: Gujarat,116,HOT001
3 - Star Room,2,1000,Hilton: Gujarat,117,HOT001
5 - Star Room,4,2000,Hilton: Gujarat,118,HOT001
6 - Star Room,1,3000,Hilton: Gujarat,119,HOT001
2 - Star Room,3,3000,Hilton: Gujarat,120,HOT001
1 - Star Room,2,2000,Hilton: Gujarat,121,HOT001
2 - Star Room,1,1000,Hilton: Gujarat,122,HOT001
4 - Star Room,1,3000,Hilton: Gujarat,123,HOT001
1 - Star Room,2,1000,Hilton: Gujarat,124,HOT001
2 - Star Room,2,2000,Hilton: Gujarat,125,HOT001
6 - Star Room,3,1000,Hilton: Gujarat,126,HOT001
6 - Star Room,3,4000,Hilton: Odisha,127,HOT001
1 - Star Room,3,2000,Hilton: Odisha,128,HOT001
6 - Star Room,1,2000,Hilton: Odisha,129,HOT001
4 - Star Room,2,3000,Hilton: Odisha,130,HOT001
4 - Star Room,3,4000,Hilton: Odisha,131,HOT001
6 - Star Room,2,4000,Hilton: Odisha,132,HOT001
4 - Star Room,2,1000,Hilton: Odisha,133,HOT001
3 - Star Room,4,1000,Hilton: Odisha,134,HOT001
2 - Star Room,4,1000,Hilton: Kerala,135,HOT001
3 - Star Room,2,1000,Hilton: Kerala,136,HOT001
3 - Star Room,3,4000,Hilton: Kerala,137,HOT001
5 - Star Room,2,4000,Hilton: Kerala,138,HOT001
4 - Star Room,1,5000,Hilton: Kerala,139,HOT001
6 - Star Room,2,1000,Hilton: Kerala,140,HOT001
5 - Star Room,4,2000,Hilton: Kerala,141,HOT001
5 - Star Room,2,2000,Hilton: Kerala,142,HOT001
3 - Star Room,3,2000,Hilton: Kerala,143,HOT001
5 - Star Room,4,2000,Hilton: Kerala,144,HOT001
5 - Star Room,3,2000,Hilton: Kerala,145,HOT001
4 - Star Room,3,1000,Hilton: Kerala,146,HOT001
3 - Star Room,2,4000,Hilton: Kerala,147,HOT001
3 - Star Room,2,4000,Hilton: Kerala,148,HOT001
2 - Star Room,1,5000,Hilton: Rajasthan,149,HOT001
3 - Star Room,1,2000,Hilton: Rajasthan,150,HOT001
4 - Star Room,2,5000,Hilton: Rajasthan,151,HOT001
1 - Star Room,4,2000,Hilton: Rajasthan,152,HOT001
2 - Star Room,3,3000,Hilton: Rajasthan,153,HOT001
2 - Star Room,2,5000,Hilton: Andhra Pradesh,154,HOT001
5 - Star Room,4,1000,Hilton: Andhra Pradesh,155,HOT001
4 - Star Room,3,3000,Hilton: Andhra Pradesh,156,HOT001
4 - Star Room,4,5000,Hilton: Andhra Pradesh,157,HOT001
6 - Star Room,2,1000,Hilton: Andhra Pradesh,158,HOT001
6 - Star Room,2,2000,Hilton: Andhra Pradesh,159,HOT001
6 - Star Room,2,2000,Hilton: Andhra Pradesh,160,HOT001
4 - Star Room,3,5000,Hilton: Andhra Pradesh,161,HOT001
1 - Star Room,4,1000,Hilton: Chhattisgarh,162,HOT001
5 - Star Room,1,5000,Hilton: Chhattisgarh,163,HOT001
5 - Star Room,1,3000,Hilton: Chhattisgarh,164,HOT001
5 - Star Room,1,4000,Hilton: Chhattisgarh,165,HOT001
6 - Star Room,1,3000,Hilton: Chhattisgarh,166,HOT001
2 - Star Room,4,4000,Hilton: Chhattisgarh,167,HOT001
5 - Star Room,4,4000,Hilton: Chhattisgarh,168,HOT001
4 - Star Room,1,3000,Hilton: Chhattisgarh,169,HOT001
5 - Star Room,4,5000,Hilton: Chhattisgarh,170,HOT001
1 - Star Room,3,2000,Hilton: Chhattisgarh,171,HOT001
6 - Star Room,3,5000,Hilton: Chhattisgarh,172,HOT001
3 - Star Room,3,4000,Hilton: Chhattisgarh,173,HOT001
2 - Star Room,4,3000,Hilton: Chhattisgarh,174,HOT001
1 - Star Room,3,4000,Hilton: Himachal Pradesh,175,HOT001
5 - Star Room,4,3000,Hilton: Himachal Pradesh,176,HOT001
1 - Star Room,4,2000,Hilton: Himachal Pradesh,177,HOT001
1 - Star Room,4,5000,Hilton: Himachal Pradesh,178,HOT001
3 - Star Room,2,2000,Hilton: Himachal Pradesh,179,HOT001
6 - Star Room,2,1000,Hilton: Himachal Pradesh,180,HOT001
3 - Star Room,4,4000,Hilton: Punjab,181,HOT001
6 - Star Room,1,3000,Hilton: Punjab,182,HOT001
3 - Star Room,3,3000,Hilton: Punjab,183,HOT001
4 - Star Room,4,5000,Hilton: Punjab,184,HOT001
2 - Star Room,4,1000,Hilton: Punjab,185,HOT001
1 - Star Room,4,4000,Hilton: Punjab,186,HOT001
1 - Star Room,2,3000,Hilton: Punjab,187,HOT001
5 - Star Room,2,4000,Hilton: Punjab,188,HOT001
3 - Star Room,3,3000,Hilton: State,189,HOT001
4 - Star Room,3,1000,Hilton: State,190,HOT001
3 - Star Room,2,2000,Hilton: State,191,HOT001
5 - Star Room,2,2000,Hilton: State,192,HOT001
5 - Star Room,1,4000,Hilton: State,193,HOT001
2 - Star Room,1,4000,Hilton: State,194,HOT001
6 - Star Room,2,5000,Hilton: State,195,HOT001
1 - Star Room,1,4000,Hilton: State,196,HOT001
5 - Star Room,2,3000,Hilton: State,197,HOT001
2 - Star Room,2,5000,Hilton: Uttar Pradesh,198,HOT001
1 - Star Room,3,2000,Hilton: Uttar Pradesh,199,HOT001
6 - Star Room,2,5000,Hilton: Uttar Pradesh,200,HOT001
1 - Star Room,3,3000,Hilton: Uttar Pradesh,201,HOT001
3 - Star Room,1,4000,Hilton: Uttar Pradesh,202,HOT001
1 - Star Room,3,5000,Hilton: Uttar Pradesh,203,HOT001
2 - Star Room,4,5000,Hilton: Uttar Pradesh,204,HOT001
3 - Star Room,4,3000,Hilton: Uttar Pradesh,205,HOT001
4 - Star Room,2,2000,Hilton: Uttar Pradesh,206,HOT001
1 - Star Room,1,5000,Hilton: Uttar Pradesh,207,HOT001
4 - Star Room,4,5000,Hilton: Uttar Pradesh,208,HOT001
6 - Star Room,3,1000,Hilton: Uttar Pradesh,209,HOT001
4 - Star Room,1,3000,Hilton: West Bengal,210,HOT001
5 - Star Room,4,1000,Hilton: West Bengal,211,HOT001
6 - Star Room,3,3000,Hilton: West Bengal,212,HOT001
3 - Star Room,2,2000,Hilton: West Bengal,213,HOT001
3 - Star Room,4,3000,Hilton: West Bengal,214,HOT001
1 - Star Room,2,1000,Hilton: West Bengal,215,HOT001
4 - Star Room,4,2000,Hilton: West Bengal,216,HOT001
4 - Star Room,2,1000,Hilton: Uttarakhand,217,HOT001
3 - Star Room,1,3000,Hilton: Uttarakhand,218,HOT001
5 - Star Room,3,1000,Hilton: Uttarakhand,219,HOT001
5 - Star Room,3,4000,Hilton: Uttarakhand,220,HOT001
3 - Star Room,1,4000,Hilton: Uttarakhand,221,HOT001
4 - Star Room,4,2000,Hilton: Uttarakhand,222,HOT001
4 - Star Room,2,3000,Hilton: Uttarakhand,223,HOT001
2 - Star Room,4,3000,Hilton: Uttarakhand,224,HOT001
5 - Star Room,2,5000,Hilton: Uttarakhand,225,HOT001
3 - Star Room,4,1000,Hilton: Uttarakhand,226,HOT001
3 - Star Room,2,2000,Hyatt: Goa,227,HOT002
1 - Star Room,3,1000,Hyatt: Goa,228,HOT002
1 - Star Room,1,3000,Hyatt: Goa,229,HOT002
3 - Star Room,2,5000,Hyatt: Goa,230,HOT002
5 - Star Room,4,2000,Hyatt: Goa,231,HOT002
1 - Star Room,1,1000,Hyatt: Goa,232,HOT002
2 - Star Room,4,5000,Hyatt: Goa,233,HOT002
2 - Star Room,3,2000,Hyatt: Goa,234,HOT002
3 - Star Room,2,2000,Hyatt: Goa,235,HOT002
6 - Star Room,2,1000,Hyatt: Goa,236,HOT002
4 - Star Room,1,1000,Hyatt: Goa,237,HOT002
2 - Star Room,3,4000,Hyatt: Goa,238,HOT002
5 - Star Room,3,3000,Hyatt: Goa,239,HOT002
2 - Star Room,1,5000,Hyatt: Goa,240,HOT002
1 - Star Room,4,2000,Hyatt: Assam,241,HOT002
6 - Star Room,1,2000,Hyatt: Assam,242,HOT002
1 - Star Room,3,1000,Hyatt: Assam,243,HOT002
6 - Star Room,4,2000,Hyatt: Assam,244,HOT002
3 - Star Room,1,1000,Hyatt: Assam,245,HOT002
4 - Star Room,1,4000,Hyatt: Madhya Pradesh,246,HOT002
4 - Star Room,2,5000,Hyatt: Madhya Pradesh,247,HOT002
5 - Star Room,2,2000,Hyatt: Madhya Pradesh,248,HOT002
6 - Star Room,3,2000,Hyatt: Madhya Pradesh,249,HOT002
1 - Star Room,3,3000,Hyatt: Madhya Pradesh,250,HOT002
3 - Star Room,2,3000,Hyatt: Madhya Pradesh,251,HOT002
1 - Star Room,3,4000,Hyatt: Madhya Pradesh,252,HOT002
1 - Star Room,3,4000,Hyatt: Madhya Pradesh,253,HOT002
2 - Star Room,1,1000,Hyatt: Madhya Pradesh,254,HOT002
1 - Star Room,4,3000,Hyatt: Madhya Pradesh,255,HOT002
4 - Star Room,2,4000,Hyatt: Madhya Pradesh,256,HOT002
5 - Star Room,4,3000,Hyatt: Madhya Pradesh,257,HOT002
1 - Star Room,2,5000,Hyatt: Puducherry,258,HOT002
2 - Star Room,3,4000,Hyatt: Puducherry,259,HOT002
3 - Star Room,1,3000,Hyatt: Puducherry,260,HOT002
3 - Star Room,2,2000,Hyatt: Puducherry,261,HOT002
3 - Star Room,4,4000,Hyatt: Puducherry,262,HOT002
4 - Star Room,4,3000,Hyatt: Puducherry,263,HOT002
4 - Star Room,2,3000,Hyatt: Puducherry,264,HOT002
5 - Star Room,1,5000,Hyatt: Tamil Nadu,265,HOT002
6 - Star Room,3,4000,Hyatt: Tamil Nadu,266,HOT002
4 - Star Room,4,2000,Hyatt: Tamil Nadu,267,HOT002
2 - Star Room,2,4000,Hyatt: Tamil Nadu,268,HOT002
1 - Star Room,4,3000,Hyatt: Tamil Nadu,269,HOT002
5 - Star Room,1,2000,Hyatt: Tamil Nadu,270,HOT002
4 - Star Room,2,4000,Hyatt: Tamil Nadu,271,HOT002
4 - Star Room,2,2000,Hyatt: Tamil Nadu,272,HOT002
6 - Star Room,1,3000,Hyatt: Tamil Nadu,273,HOT002
2 - Star Room,2,4000,Hyatt: Tamil Nadu,274,HOT002
6 - Star Room,1,1000,Hyatt: Tamil Nadu,275,HOT002
2 - Star Room,3,3000,Hyatt: Tamil Nadu,276,HOT002
1 - Star Room,1,4000,Hyatt: Tamil Nadu,277,HOT002
1 - Star Room,3,3000,Hyatt: Tamil Nadu,278,HOT002
1 - Star Room,1,1000,Hyatt: Tamil Nadu,279,HOT002
1 - Star Room,1,5000,Hyatt: Jammu and Kashmir,280,HOT002
1 - Star Room,4,2000,Hyatt: Jammu and Kashmir,281,HOT002
1 - Star Room,2,4000,Hyatt: Jammu and Kashmir,282,HOT002
1 - Star Room,3,5000,Hyatt: Jammu and Kashmir,283,HOT002
5 - Star Room,2,2000,Hyatt: Jammu and Kashmir,284,HOT002
3 - Star Room,1,5000,Hyatt: Jammu and Kashmir,285,HOT002
1 - Star Room,3,1000,Hyatt: Jammu and Kashmir,286,HOT002
5 - Star Room,1,3000,Hyatt: Jammu and Kashmir,287,HOT002
3 - Star Room,4,1000,Hyatt: Bihar,288,HOT002
4 - Star Room,1,3000,Hyatt: Bihar,289,HOT002
6 - Star Room,4,5000,Hyatt: Bihar,290,HOT002
3 - Star Room,2,3000,Hyatt: Bihar,291,HOT002
5 - Star Room,2,5000,Hyatt: Bihar,292,HOT002
1 - Star Room,3,5000,Hyatt: Bihar,293,HOT002
5 - Star Room,1,3000,Hyatt: Bihar,294,HOT002
2 - Star Room,2,5000,Hyatt: Bihar,295,HOT002
3 - Star Room,2,1000,Hyatt: Bihar,296,HOT002
3 - Star Room,2,3000,Hyatt: Bihar,297,HOT002
1 - Star Room,4,2000,Hyatt: Bihar,298,HOT002
1 - Star Room,3,4000,Hyatt: Bihar,299,HOT002
3 - Star Room,1,5000,Hyatt: Maharashtra,300,HOT002
4 - Star Room,3,3000,Hyatt: Maharashtra,301,HOT002
3 - Star Room,4,1000,Hyatt: Maharashtra,302,HOT002
3 - Star Room,2,3000,Hyatt: Maharashtra,303,HOT002
2 - Star Room,4,1000,Hyatt: Maharashtra,304,HOT002
1 - Star Room,4,3000,Hyatt: Telangana,305,HOT002
5 - Star Room,2,5000,Hyatt: Telangana,306,HOT002
1 - Star Room,1,4000,Hyatt: Telangana,307,HOT002
6 - Star Room,4,1000,Hyatt: Telangana,308,HOT002
5 - Star Room,4,3000,Hyatt: Telangana,309,HOT002
2 - Star Room,2,2000,Hyatt: Telangana,310,HOT002
3 - Star Room,2,2000,Hyatt: Karnataka,311,HOT002
3 - Star Room,3,1000,Hyatt: Karnataka,312,HOT002
4 - Star Room,2,4000,Hyatt: Karnataka,313,HOT002
2 - Star Room,1,4000,Hyatt: Karnataka,314,HOT002
5 - Star Room,1,2000,Hyatt: Karnataka,315,HOT002
3 - Star Room,2,2000,Hyatt: Karnataka,316,HOT002
3 - Star Room,2,2000,Hyatt: Karnataka,317,HOT002
3 - Star Room,1,1000,Hyatt: Karnataka,318,HOT002
6 - Star Room,4,3000,Hyatt: Karnataka,319,HOT002
5 - Star Room,2,4000,Hyatt: Karnataka,320,HOT002
2 - Star Room,2,1000,Hyatt: Karnataka,321,HOT002
1 - Star Room,3,3000,Hyatt: Karnataka,322,HOT002
2 - Star Room,2,3000,Hyatt: Karnataka,323,HOT002
2 - Star Room,3,3000,Hyatt: Karnataka,324,HOT002
2 - Star Room,4,3000,Hyatt: Gujarat,325,HOT002
1 - Star Room,4,4000,Hyatt: Gujarat,326,HOT002
5 - Star Room,3,3000,Hyatt: Gujarat,327,HOT002
2 - Star Room,2,4000,Hyatt: Gujarat,328,HOT002
6 - Star Room,2,3000,Hyatt: Gujarat,329,HOT002
1 - Star Room,1,4000,Hyatt: Gujarat,330,HOT002
4 - Star Room,2,2000,Hyatt: Gujarat,331,HOT002
5 - Star Room,1,5000,Hyatt: Gujarat,332,HOT002
4 - Star Room,2,1000,Hyatt: Gujarat,333,HOT002
5 - Star Room,4,3000,Hyatt: Gujarat,334,HOT002
2 - Star Room,2,3000,Hyatt: Gujarat,335,HOT002
1 - Star Room,3,4000,Hyatt: Odisha,336,HOT002
3 - Star Room,4,1000,Hyatt: Odisha,337,HOT002
6 - Star Room,3,1000,Hyatt: Odisha,338,HOT002
5 - Star Room,4,5000,Hyatt: Odisha,339,HOT002
1 - Star Room,4,3000,Hyatt: Odisha,340,HOT002
6 - Star Room,1,3000,Hyatt: Odisha,341,HOT002
3 - Star Room,2,4000,Hyatt: Odisha,342,HOT002
6 - Star Room,1,4000,Hyatt: Odisha,343,HOT002
6 - Star Room,2,4000,Hyatt: Odisha,344,HOT002
4 - Star Room,3,1000,Hyatt: Odisha,345,HOT002
3 - Star Room,2,4000,Hyatt: Odisha,346,HOT002
3 - Star Room,1,5000,Hyatt: Odisha,347,HOT002
1 - Star Room,2,4000,Hyatt: Odisha,348,HOT002
3 - Star Room,2,1000,Hyatt: Odisha,349,HOT002
2 - Star Room,2,4000,Hyatt: Odisha,350,HOT002
2 - Star Room,2,2000,Hyatt: Kerala,351,HOT002
5 - Star Room,1,4000,Hyatt: Kerala,352,HOT002
5 - Star Room,3,4000,Hyatt: Kerala,353,HOT002
5 - Star Room,4,3000,Hyatt: Kerala,354,HOT002
6 - Star Room,1,4000,Hyatt: Kerala,355,HOT002
2 - Star Room,1,4000,Hyatt: Kerala,356,HOT002
5 - Star Room,1,5000,Hyatt: Kerala,357,HOT002
1 - Star Room,3,4000,Hyatt: Kerala,358,HOT002
6 - Star Room,2,2000,Hyatt: Kerala,359,HOT002
2 - Star Room,4,3000,Hyatt: Kerala,360,HOT002
1 - Star Room,4,3000,Hyatt: Kerala,361,HOT002
2 - Star Room,1,1000,Hyatt: Kerala,362,HOT002
3 - Star Room,3,3000,Hyatt: Kerala,363,HOT002
6 - Star Room,3,1000,Hyatt: Kerala,364,HOT002
6 - Star Room,3,5000,Hyatt: Kerala,365,HOT002
2 - Star Room,3,4000,Hyatt: Rajasthan,366,HOT002
6 - Star Room,1,4000,Hyatt: Rajasthan,367,HOT002
5 - Star Room,2,2000,Hyatt: Rajasthan,368,HOT002
5 - Star Room,4,3000,Hyatt: Rajasthan,369,HOT002
3 - Star Room,3,5000,Hyatt: Rajasthan,370,HOT002
6 - Star Room,2,4000,Hyatt: Rajasthan,371,HOT002
4 - Star Room,3,4000,Hyatt: Rajasthan,372,HOT002
4 - Star Room,4,3000,Hyatt: Rajasthan,373,HOT002
2 - Star Room,3,1000,Hyatt: Rajasthan,374,HOT002
4 - Star Room,3,4000,Hyatt: Rajasthan,375,HOT002
3 - Star Room,3,1000,Hyatt: Andhra Pradesh,376,HOT002
6 - Star Room,2,4000,Hyatt: Andhra Pradesh,377,HOT002
1 - Star Room,1,3000,Hyatt: Andhra Pradesh,378,HOT002
3 - Star Room,1,1000,Hyatt: Andhra Pradesh,379,HOT002
4 - Star Room,1,2000,Hyatt: Andhra Pradesh,380,HOT002
3 - Star Room,4,3000,Hyatt: Andhra Pradesh,381,HOT002
6 - Star Room,3,2000,Hyatt: Andhra Pradesh,382,HOT002
2 - Star Room,3,3000,Hyatt: Andhra Pradesh,383,HOT002
1 - Star Room,3,2000,Hyatt: Andhra Pradesh,384,HOT002
2 - Star Room,2,5000,Hyatt: Andhra Pradesh,385,HOT002
2 - Star Room,2,5000,Hyatt: Andhra Pradesh,386,HOT002
4 - Star Room,1,1000,Hyatt: Andhra Pradesh,387,HOT002
5 - Star Room,3,2000,Hyatt: Andhra Pradesh,388,HOT002
1 - Star Room,3,4000,Hyatt: Andhra Pradesh,389,HOT002
2 - Star Room,2,4000,Hyatt: Andhra Pradesh,390,HOT002
2 - Star Room,4,2000,Hyatt: Chhattisgarh,391,HOT002
1 - Star Room,2,3000,Hyatt: Chhattisgarh,392,HOT002
6 - Star Room,2,2000,Hyatt: Chhattisgarh,393,HOT002
6 - Star Room,1,5000,Hyatt: Chhattisgarh,394,HOT002
5 - Star Room,1,1000,Hyatt: Chhattisgarh,395,HOT002
4 - Star Room,1,3000,Hyatt: Chhattisgarh,396,HOT002
6 - Star Room,1,4000,Hyatt: Chhattisgarh,397,HOT002
3 - Star Room,1,3000,Hyatt: Chhattisgarh,398,HOT002
3 - Star Room,4,4000,Hyatt: Chhattisgarh,399,HOT002
6 - Star Room,1,4000,Hyatt: Chhattisgarh,400,HOT002
2 - Star Room,2,2000,Hyatt: Chhattisgarh,401,HOT002
4 - Star Room,1,1000,Hyatt: Chhattisgarh,402,HOT002
6 - Star Room,4,5000,Hyatt: Chhattisgarh,403,HOT002
6 - Star Room,4,2000,Hyatt: Chhattisgarh,404,HOT002
3 - Star Room,2,4000,Hyatt: Himachal Pradesh,405,HOT002
1 - Star Room,3,5000,Hyatt: Himachal Pradesh,406,HOT002
6 - Star Room,2,2000,Hyatt: Himachal Pradesh,407,HOT002
1 - Star Room,1,5000,Hyatt: Himachal Pradesh,408,HOT002
6 - Star Room,3,2000,Hyatt: Himachal Pradesh,409,HOT002
1 - Star Room,1,2000,Hyatt: Himachal Pradesh,410,HOT002
2 - Star Room,3,5000,Hyatt: Himachal Pradesh,411,HOT002
1 - Star Room,4,3000,Hyatt: Himachal Pradesh,412,HOT002
3 - Star Room,1,5000,Hyatt: Himachal Pradesh,413,HOT002
4 - Star Room,1,2000,Hyatt: Punjab,414,HOT002
1 - Star Room,2,2000,Hyatt: Punjab,415,HOT002
3 - Star Room,3,4000,Hyatt: Punjab,416,HOT002
4 - Star Room,3,5000,Hyatt: Punjab,417,HOT002
4 - Star Room,1,5000,Hyatt: Punjab,418,HOT002
3 - Star Room,4,3000,Hyatt: Punjab,419,HOT002
4 - Star Room,4,1000,Hyatt: Punjab,420,HOT002
4 - Star Room,3,3000,Hyatt: State,421,HOT002
4 - Star Room,3,1000,Hyatt: State,422,HOT002
5 - Star Room,1,5000,Hyatt: State,423,HOT002
5 - Star Room,1,3000,Hyatt: State,424,HOT002
3 - Star Room,1,1000,Hyatt: State,425,HOT002
4 - Star Room,4,3000,Hyatt: State,426,HOT002
1 - Star Room,4,4000,Hyatt: State,427,HOT002
3 - Star Room,1,1000,Hyatt: State,428,HOT002
5 - Star Room,1,1000,Hyatt: State,429,HOT002
6 - Star Room,2,4000,Hyatt: State,430,HOT002
3 - Star Room,3,3000,Hyatt: State,431,HOT002
5 - Star Room,4,2000,Hyatt: Uttar Pradesh,432,HOT002
6 - Star Room,1,3000,Hyatt: Uttar Pradesh,433,HOT002
3 - Star Room,1,4000,Hyatt: Uttar Pradesh,434,HOT002
1 - Star Room,2,3000,Hyatt: Uttar Pradesh,435,HOT002
1 - Star Room,1,1000,Hyatt: Uttar Pradesh,436,HOT002
5 - Star Room,2,2000,Hyatt: Uttar Pradesh,437,HOT002
1 - Star Room,1,3000,Hyatt: West Bengal,438,HOT002
5 - Star Room,3,5000,Hyatt: West Bengal,439,HOT002
3 - Star Room,2,4000,Hyatt: West Bengal,440,HOT002
1 - Star Room,4,2000,Hyatt: West Bengal,441,HOT002
2 - Star Room,3,5000,Hyatt: West Bengal,442,HOT002
6 - Star Room,1,5000,Hyatt: West Bengal,443,HOT002
1 - Star Room,2,2000,Hyatt: West Bengal,444,HOT002
3 - Star Room,3,4000,Hyatt: West Bengal,445,HOT002
1 - Star Room,3,1000,Hyatt: West Bengal,446,HOT002
6 - Star Room,3,5000,Hyatt: West Bengal,447,HOT002
3 - Star Room,2,2000,Hyatt: West Bengal,448,HOT002
5 - Star Room,3,3000,Hyatt: West Bengal,449,HOT002
2 - Star Room,3,3000,Hyatt: West Bengal,450,HOT002
4 - Star Room,2,4000,Hyatt: West Bengal,451,HOT002
3 - Star Room,3,4000,Hyatt: Uttarakhand,452,HOT002
2 - Star Room,3,5000,Hyatt: Uttarakhand,453,HOT002
4 - Star Room,2,1000,Hyatt: Uttarakhand,454,HOT002
1 - Star Room,2,4000,Hyatt: Uttarakhand,455,HOT002
3 - Star Room,1,3000,Hyatt: Uttarakhand,456,HOT002
6 - Star Room,3,1000,Hyatt: Uttarakhand,457,HOT002
2 - Star Room,3,4000,Hyatt: Uttarakhand,458,HOT002
3 - Star Room,4,3000,Hyatt: Uttarakhand,459,HOT002
5 - Star Room,2,3000,Hyatt: Uttarakhand,460,HOT002
2 - Star Room,3,1000,Marriott: Goa,461,HOT003
5 - Star Room,3,5000,Marriott: Goa,462,HOT003
6 - Star Room,4,2000,Marriott: Goa,463,HOT003
6 - Star Room,2,1000,Marriott: Goa,464,HOT003
3 - Star Room,3,1000,Marriott: Goa,465,HOT003
3 - Star Room,1,1000,Marriott: Goa,466,HOT003
1 - Star Room,1,3000,Marriott: Goa,467,HOT003
5 - Star Room,4,4000,Marriott: Goa,468,HOT003
1 - Star Room,4,2000,Marriott: Goa,469,HOT003
2 - Star Room,1,1000,Marriott: Goa,470,HOT003
2 - Star Room,1,4000,Marriott: Goa,471,HOT003
2 - Star Room,3,5000,Marriott: Goa,472,HOT003
1 - Star Room,4,2000,Marriott: Goa,473,HOT003
6 - Star Room,3,5000,Marriott: Assam,474,HOT003
5 - Star Room,3,3000,Marriott: Assam,475,HOT003
5 - Star Room,4,5000,Marriott: Assam,476,HOT003
4 - Star Room,2,2000,Marriott: Assam,477,HOT003
5 - Star Room,4,4000,Marriott: Assam,478,HOT003
6 - Star Room,3,2000,Marriott: Assam,479,HOT003
3 - Star Room,1,2000,Marriott: Assam,480,HOT003
3 - Star Room,2,5000,Marriott: Assam,481,HOT003
4 - Star Room,1,1000,Marriott: Assam,482,HOT003
1 - Star Room,3,3000,Marriott: Assam,483,HOT003
4 - Star Room,1,1000,Marriott: Madhya Pradesh,484,HOT003
1 - Star Room,1,4000,Marriott: Madhya Pradesh,485,HOT003
4 - Star Room,3,5000,Marriott: Madhya Pradesh,486,HOT003
5 - Star Room,2,5000,Marriott: Madhya Pradesh,487,HOT003
4 - Star Room,4,1000,Marriott: Madhya Pradesh,488,HOT003
4 - Star Room,3,4000,Marriott: Madhya Pradesh,489,HOT003
5 - Star Room,1,1000,Marriott: Madhya Pradesh,490,HOT003
4 - Star Room,3,5000,Marriott: Madhya Pradesh,491,HOT003
4 - Star Room,1,1000,Marriott: Madhya Pradesh,492,HOT003
6 - Star Room,1,5000,Marriott: Madhya Pradesh,493,HOT003
3 - Star Room,4,2000,Marriott: Madhya Pradesh,494,HOT003
1 - Star Room,1,1000,Marriott: Madhya Pradesh,495,HOT003
1 - Star Room,4,3000,Marriott: Madhya Pradesh,496,HOT003
4 - Star Room,1,2000,Marriott: Madhya Pradesh,497,HOT003
5 - Star Room,4,1000,Marriott: Puducherry,498,HOT003
1 - Star Room,1,5000,Marriott: Puducherry,499,HOT003
2 - Star Room,2,2000,Marriott: Puducherry,500,HOT003
4 - Star Room,2,2000,Marriott: Puducherry,501,HOT003
5 - Star Room,1,3000,Marriott: Puducherry,502,HOT003
3 - Star Room,1,2000,Marriott: Puducherry,503,HOT003
5 - Star Room,1,1000,Marriott: Puducherry,504,HOT003
1 - Star Room,3,5000,Marriott: Puducherry,505,HOT003
5 - Star Room,3,3000,Marriott: Puducherry,506,HOT003
6 - Star Room,1,3000,Marriott: Puducherry,507,HOT003
4 - Star Room,1,5000,Marriott: Puducherry,508,HOT003
3 - Star Room,3,4000,Marriott: Tamil Nadu,509,HOT003
5 - Star Room,3,4000,Marriott: Tamil Nadu,510,HOT003
5 - Star Room,2,3000,Marriott: Tamil Nadu,511,HOT003
5 - Star Room,1,5000,Marriott: Tamil Nadu,512,HOT003
5 - Star Room,3,4000,Marriott: Tamil Nadu,513,HOT003
3 - Star Room,2,4000,Marriott: Tamil Nadu,514,HOT003
5 - Star Room,4,5000,Marriott: Tamil Nadu,515,HOT003
2 - Star Room,3,4000,Marriott: Tamil Nadu,516,HOT003
5 - Star Room,3,3000,Marriott: Tamil Nadu,517,HOT003
6 - Star Room,1,4000,Marriott: Tamil Nadu,518,HOT003
3 - Star Room,4,4000,Marriott: Tamil Nadu,519,HOT003
3 - Star Room,1,1000,Marriott: Tamil Nadu,520,HOT003
5 - Star Room,1,5000,Marriott: Tamil Nadu,521,HOT003
6 - Star Room,4,5000,Marriott: Tamil Nadu,522,HOT003
2 - Star Room,4,1000,Marriott: Tamil Nadu,523,HOT003
1 - Star Room,4,3000,Marriott: Jammu and Kashmir,524,HOT003
1 - Star Room,1,5000,Marriott: Jammu and Kashmir,525,HOT003
6 - Star Room,2,4000,Marriott: Jammu and Kashmir,526,HOT003
5 - Star Room,4,3000,Marriott: Jammu and Kashmir,527,HOT003
6 - Star Room,1,5000,Marriott: Jammu and Kashmir,528,HOT003
1 - Star Room,1,4000,Marriott: Jammu and Kashmir,529,HOT003
1 - Star Room,2,4000,Marriott: Jammu and Kashmir,530,HOT003
3 - Star Room,2,1000,Marriott: Jammu and Kashmir,531,HOT003
5 - Star Room,2,4000,Marriott: Jammu and Kashmir,532,HOT003
6 - Star Room,3,5000,Marriott: Jammu and Kashmir,533,HOT003
1 - Star Room,4,5000,Marriott: Jammu and Kashmir,534,HOT003
3 - Star Room,3,2000,Marriott: Jammu and Kashmir,535,HOT003
2 - Star Room,2,4000,Marriott: Jammu and Kashmir,536,HOT003
1 - Star Room,2,5000,Marriott: Jammu and Kashmir,537,HOT003
5 - Star Room,4,4000,Marriott: Jammu and Kashmir,538,HOT003
4 - Star Room,2,3000,Marriott: Bihar,539,HOT003
5 - Star Room,2,1000,Marriott: Bihar,540,HOT003
5 - Star Room,3,3000,Marriott: Bihar,541,HOT003
6 - Star Room,1,2000,Marriott: Bihar,542,HOT003
2 - Star Room,2,4000,Marriott: Bihar,543,HOT003
5 - Star Room,4,4000,Marriott: Bihar,544,HOT003
6 - Star Room,4,3000,Marriott: Bihar,545,HOT003
1 - Star Room,1,4000,Marriott: Bihar,546,HOT003
2 - Star Room,4,5000,Marriott: Bihar,547,HOT003
3 - Star Room,2,5000,Marriott: Bihar,548,HOT003
3 - Star Room,1,3000,Marriott: Bihar,549,HOT003
5 - Star Room,3,4000,Marriott: Maharashtra,550,HOT003
5 - Star Room,1,4000,Marriott: Maharashtra,551,HOT003
2 - Star Room,2,5000,Marriott: Maharashtra,552,HOT003
3 - Star Room,1,2000,Marriott: Maharashtra,553,HOT003
6 - Star Room,3,2000,Marriott: Maharashtra,554,HOT003
6 - Star Room,4,5000,Marriott: Maharashtra,555,HOT003
2 - Star Room,3,2000,Marriott: Telangana,556,HOT003
5 - Star Room,2,4000,Marriott: Telangana,557,HOT003
2 - Star Room,3,5000,Marriott: Telangana,558,HOT003
2 - Star Room,3,1000,Marriott: Telangana,559,HOT003
4 - Star Room,3,4000,Marriott: Telangana,560,HOT003
1 - Star Room,4,2000,Marriott: Telangana,561,HOT003
3 - Star Room,1,2000,Marriott: Telangana,562,HOT003
4 - Star Room,1,2000,Marriott: Telangana,563,HOT003
3 - Star Room,4,5000,Marriott: Telangana,564,HOT003
6 - Star Room,3,1000,Marriott: Telangana,565,HOT003
5 - Star Room,2,2000,Marriott: Karnataka,566,HOT003
6 - Star Room,1,4000,Marriott: Karnataka,567,HOT003
3 - Star Room,3,4000,Marriott: Karnataka,568,HOT003
2 - Star Room,2,5000,Marriott: Karnataka,569,HOT003
6 - Star Room,3,1000,Marriott: Karnataka,570,HOT003
3 - Star Room,2,1000,Marriott: Karnataka,571,HOT003
4 - Star Room,1,2000,Marriott: Karnataka,572,HOT003
6 - Star Room,3,4000,Marriott: Karnataka,573,HOT003
5 - Star Room,3,4000,Marriott: Karnataka,574,HOT003
5 - Star Room,3,1000,Marriott: Karnataka,575,HOT003
2 - Star Room,4,5000,Marriott: Karnataka,576,HOT003
4 - Star Room,2,5000,Marriott: Karnataka,577,HOT003
1 - Star Room,1,2000,Marriott: Karnataka,578,HOT003
1 - Star Room,3,3000,Marriott: Gujarat,579,HOT003
3 - Star Room,4,1000,Marriott: Gujarat,580,HOT003
5 - Star Room,4,2000,Marriott: Gujarat,581,HOT003
4 - Star Room,2,4000,Marriott: Gujarat,582,HOT003
4 - Star Room,2,1000,Marriott: Gujarat,583,HOT003
6 - Star Room,2,3000,Marriott: Gujarat,584,HOT003
1 - Star Room,4,2000,Marriott: Odisha,585,HOT003
4 - Star Room,4,2000,Marriott: Odisha,586,HOT003
6 - Star Room,3,4000,Marriott: Odisha,587,HOT003
3 - Star Room,1,4000,Marriott: Odisha,588,HOT003
3 - Star Room,4,5000,Marriott: Odisha,589,HOT003
1 - Star Room,4,3000,Marriott: Odisha,590,HOT003
4 - Star Room,4,3000,Marriott: Odisha,591,HOT003
5 - Star Room,3,4000,Marriott: Odisha,592,HOT003
3 - Star Room,1,4000,Marriott: Kerala,593,HOT003
4 - Star Room,2,5000,Marriott: Kerala,594,HOT003
3 - Star Room,2,3000,Marriott: Kerala,595,HOT003
5 - Star Room,3,2000,Marriott: Kerala,596,HOT003
4 - Star Room,1,1000,Marriott: Kerala,597,HOT003
6 - Star Room,3,3000,Marriott: Kerala,598,HOT003
4 - Star Room,3,2000,Marriott: Kerala,599,HOT003
2 - Star Room,4,5000,Marriott: Kerala,600,HOT003
5 - Star Room,3,1000,Marriott: Kerala,601,HOT003
4 - Star Room,3,3000,Marriott: Kerala,602,HOT003
4 - Star Room,2,5000,Marriott: Kerala,603,HOT003
6 - Star Room,3,5000,Marriott: Kerala,604,HOT003
1 - Star Room,4,1000,Marriott: Kerala,605,HOT003
4 - Star Room,1,3000,Marriott: Rajasthan,606,HOT003
2 - Star Room,3,4000,Marriott: Rajasthan,607,HOT003
3 - Star Room,1,2000,Marriott: Rajasthan,608,HOT003
3 - Star Room,4,4000,Marriott: Rajasthan,609,HOT003
5 - Star Room,2,1000,Marriott: Rajasthan,610,HOT003
4 - Star Room,3,4000,Marriott: Rajasthan,611,HOT003
3 - Star Room,4,1000,Marriott: Rajasthan,612,HOT003
4 - Star Room,4,1000,Marriott: Andhra Pradesh,613,HOT003
5 - Star Room,1,1000,Marriott: Andhra Pradesh,614,HOT003
2 - Star Room,1,5000,Marriott: Andhra Pradesh,615,HOT003
2 - Star Room,1,4000,Marriott: Andhra Pradesh,616,HOT003
6 - Star Room,1,4000,Marriott: Andhra Pradesh,617,HOT003
1 - Star Room,3,3000,Marriott: Andhra Pradesh,618,HOT003
6 - Star Room,1,1000,Marriott: Andhra Pradesh,619,HOT003
4 - Star Room,1,4000,Marriott: Andhra Pradesh,620,HOT003
2 - Star Room,2,1000,Marriott: Andhra Pradesh,621,HOT003
3 - Star Room,4,4000,Marriott: Andhra Pradesh,622,HOT003
3 - Star Room,2,2000,Marriott: Andhra Pradesh,623,HOT003
3 - Star Room,1,5000,Marriott: Andhra Pradesh,624,HOT003
1 - Star Room,2,3000,Marriott: Andhra Pradesh,625,HOT003
5 - Star Room,2,1000,Marriott: Andhra Pradesh,626,HOT003
3 - Star Room,3,3000,Marriott: Chhattisgarh,627,HOT003
4 - Star Room,2,1000,Marriott: Chhattisgarh,628,HOT003
5 - Star Room,3,2000,Marriott: Chhattisgarh,629,HOT003
5 - Star Room,2,4000,Marriott: Chhattisgarh,630,HOT003
2 - Star Room,2,3000,Marriott: Chhattisgarh,631,HOT003
4 - Star Room,1,1000,Marriott: Chhattisgarh,632,HOT003
6 - Star Room,3,4000,Marriott: Chhattisgarh,633,HOT003
5 - Star Room,2,4000,Marriott: Himachal Pradesh,634,HOT003
6 - Star Room,3,4000,Marriott: Himachal Pradesh,635,HOT003
3 - Star Room,1,4000,Marriott: Himachal Pradesh,636,HOT003
4 - Star Room,3,2000,Marriott: Himachal Pradesh,637,HOT003
3 - Star Room,3,5000,Marriott: Himachal Pradesh,638,HOT003
1 - Star Room,1,3000,Marriott: Himachal Pradesh,639,HOT003
6 - Star Room,2,2000,Marriott: Himachal Pradesh,640,HOT003
2 - Star Room,3,2000,Marriott: Himachal Pradesh,641,HOT003
6 - Star Room,4,5000,Marriott: Himachal Pradesh,642,HOT003
6 - Star Room,1,5000,Marriott: Himachal Pradesh,643,HOT003
1 - Star Room,2,5000,Marriott: Himachal Pradesh,644,HOT003
5 - Star Room,2,2000,Marriott: Himachal Pradesh,645,HOT003
6 - Star Room,1,5000,Marriott: Punjab,646,HOT003
6 - Star Room,2,5000,Marriott: Punjab,647,HOT003
3 - Star Room,4,4000,Marriott: Punjab,648,HOT003
6 - Star Room,2,1000,Marriott: Punjab,649,HOT003
2 - Star Room,2,4000,Marriott: Punjab,650,HOT003
4 - Star Room,2,3000,Marriott: Punjab,651,HOT003
4 - Star Room,3,4000,Marriott: Punjab,652,HOT003
5 - Star Room,2,4000,Marriott: Punjab,653,HOT003
5 - Star Room,3,3000,Marriott: Punjab,654,HOT003
4 - Star Room,4,3000,Marriott: Punjab,655,HOT003
1 - Star Room,1,5000,Marriott: State,656,HOT003
1 - Star Room,3,5000,Marriott: State,657,HOT003
4 - Star Room,4,5000,Marriott: State,658,HOT003
4 - Star Room,1,1000,Marriott: State,659,HOT003
4 - Star Room,2,1000,Marriott: State,660,HOT003
5 - Star Room,3,2000,Marriott: State,661,HOT003
5 - Star Room,2,3000,Marriott: State,662,HOT003
2 - Star Room,2,2000,Marriott: State,663,HOT003
6 - Star Room,4,3000,Marriott: State,664,HOT003
6 - Star Room,1,4000,Marriott: State,665,HOT003
4 - Star Room,1,5000,Marriott: Uttar Pradesh,666,HOT003
4 - Star Room,4,2000,Marriott: Uttar Pradesh,667,HOT003
6 - Star Room,4,4000,Marriott: Uttar Pradesh,668,HOT003
1 - Star Room,4,1000,Marriott: Uttar Pradesh,669,HOT003
5 - Star Room,1,1000,Marriott: Uttar Pradesh,670,HOT003
2 - Star Room,2,4000,Marriott: West Bengal,671,HOT003
4 - Star Room,3,1000,Marriott: West Bengal,672,HOT003
6 - Star Room,1,3000,Marriott: West Bengal,673,HOT003
4 - Star Room,4,5000,Marriott: West Bengal,674,HOT003
3 - Star Room,4,3000,Marriott: West Bengal,675,HOT003
4 - Star Room,1,1000,Marriott: Uttarakhand,676,HOT003
3 - Star Room,4,1000,Marriott: Uttarakhand,677,HOT003
2 - Star Room,2,1000,Marriott: Uttarakhand,678,HOT003
1 - Star Room,1,1000,Marriott: Uttarakhand,679,HOT003
5 - Star Room,1,1000,Marriott: Uttarakhand,680,HOT003
6 - Star Room,2,3000,Marriott: Uttarakhand,681,HOT003
6 - Star Room,3,4000,Marriott: Uttarakhand,682,HOT003
6 - Star Room,3,5000,Marriott: Uttarakhand,683,HOT003
6 - Star Room,3,4000,Marriott: Uttarakhand,684,HOT003
5 - Star Room,3,1000,Marriott: Uttarakhand,685,HOT003
1 - Star Room,2,1000,Marriott: Uttarakhand,686,HOT003
4 - Star Room,1,3000,Marriott: Uttarakhand,687,HOT003
5 - Star Room,4,3000,IHG: Goa,688,HOT004
4 - Star Room,1,1000,IHG: Goa,689,HOT004
1 - Star Room,1,3000,IHG: Goa,690,HOT004
1 - Star Room,4,1000,IHG: Goa,691,HOT004
4 - Star Room,2,2000,IHG: Goa,692,HOT004
6 - Star Room,2,4000,IHG: Goa,693,HOT004
4 - Star Room,1,2000,IHG: Goa,694,HOT004
3 - Star Room,4,5000,IHG: Goa,695,HOT004
6 - Star Room,3,4000,IHG: Goa,696,HOT004
3 - Star Room,4,3000,IHG: Assam,697,HOT004
4 - Star Room,4,2000,IHG: Assam,698,HOT004
2 - Star Room,4,2000,IHG: Assam,699,HOT004
5 - Star Room,2,1000,IHG: Assam,700,HOT004
6 - Star Room,4,3000,IHG: Assam,701,HOT004
2 - Star Room,4,3000,IHG: Madhya Pradesh,702,HOT004
3 - Star Room,2,2000,IHG: Madhya Pradesh,703,HOT004
3 - Star Room,3,4000,IHG: Madhya Pradesh,704,HOT004
3 - Star Room,4,4000,IHG: Madhya Pradesh,705,HOT004
1 - Star Room,3,1000,IHG: Madhya Pradesh,706,HOT004
3 - Star Room,2,1000,IHG: Madhya Pradesh,707,HOT004
6 - Star Room,2,2000,IHG: Madhya Pradesh,708,HOT004
1 - Star Room,1,5000,IHG: Madhya Pradesh,709,HOT004
3 - Star Room,1,4000,IHG: Puducherry,710,HOT004
1 - Star Room,3,5000,IHG: Puducherry,711,HOT004
5 - Star Room,1,5000,IHG: Puducherry,712,HOT004
1 - Star Room,2,3000,IHG: Puducherry,713,HOT004
2 - Star Room,1,2000,IHG: Puducherry,714,HOT004
1 - Star Room,4,5000,IHG: Puducherry,715,HOT004
2 - Star Room,2,4000,IHG: Puducherry,716,HOT004
4 - Star Room,4,5000,IHG: Puducherry,717,HOT004
5 - Star Room,1,3000,IHG: Tamil Nadu,718,HOT004
1 - Star Room,4,5000,IHG: Tamil Nadu,719,HOT004
2 - Star Room,4,3000,IHG: Tamil Nadu,720,HOT004
3 - Star Room,4,2000,IHG: Tamil Nadu,721,HOT004
1 - Star Room,4,2000,IHG: Tamil Nadu,722,HOT004
6 - Star Room,2,1000,IHG: Tamil Nadu,723,HOT004
3 - Star Room,4,1000,IHG: Tamil Nadu,724,HOT004
4 - Star Room,2,4000,IHG: Tamil Nadu,725,HOT004
4 - Star Room,1,4000,IHG: Tamil Nadu,726,HOT004
1 - Star Room,4,1000,IHG: Tamil Nadu,727,HOT004
3 - Star Room,1,2000,IHG: Tamil Nadu,728,HOT004
2 - Star Room,2,4000,IHG: Tamil Nadu,729,HOT004
4 - Star Room,2,3000,IHG: Tamil Nadu,730,HOT004
6 - Star Room,4,2000,IHG: Jammu and Kashmir,731,HOT004
2 - Star Room,3,5000,IHG: Jammu and Kashmir,732,HOT004
1 - Star Room,3,4000,IHG: Jammu and Kashmir,733,HOT004
4 - Star Room,3,2000,IHG: Jammu and Kashmir,734,HOT004
4 - Star Room,3,5000,IHG: Jammu and Kashmir,735,HOT004
3 - Star Room,2,1000,IHG: Jammu and Kashmir,736,HOT004
1 - Star Room,2,1000,IHG: Jammu and Kashmir,737,HOT004
1 - Star Room,3,4000,IHG: Jammu and Kashmir,738,HOT004
6 - Star Room,2,1000,IHG: Jammu and Kashmir,739,HOT004
3 - Star Room,1,4000,IHG: Jammu and Kashmir,740,HOT004
6 - Star Room,1,2000,IHG: Jammu and Kashmir,741,HOT004
4 - Star Room,1,4000,IHG: Jammu and Kashmir,742,HOT004
2 - Star Room,1,4000,IHG: Jammu and Kashmir,743,HOT004
5 - Star Room,3,4000,IHG: Jammu and Kashmir,744,HOT004
6 - Star Room,1,2000,IHG: Jammu and Kashmir,745,HOT004
5 - Star Room,3,5000,IHG: Bihar,746,HOT004
2 - Star Room,4,3000,IHG: Bihar,747,HOT004
2 - Star Room,2,3000,IHG: Bihar,748,HOT004
1 - Star Room,2,3000,IHG: Bihar,749,HOT004
2 - Star Room,2,4000,IHG: Bihar,750,HOT004
5 - Star Room,4,4000,IHG: Bihar,751,HOT004
1 - Star Room,4,2000,IHG: Bihar,752,HOT004
2 - Star Room,4,1000,IHG: Bihar,753,HOT004
5 - Star Room,4,2000,IHG: Bihar,754,HOT004
4 - Star Room,1,3000,IHG: Bihar,755,HOT004
6 - Star Room,2,4000,IHG: Bihar,756,HOT004
6 - Star Room,1,5000,IHG: Bihar,757,HOT004
4 - Star Room,2,2000,IHG: Bihar,758,HOT004
2 - Star Room,1,5000,IHG: Bihar,759,HOT004
6 - Star Room,4,3000,IHG: Bihar,760,HOT004
6 - Star Room,2,5000,IHG: Maharashtra,761,HOT004
3 - Star Room,1,5000,IHG: Maharashtra,762,HOT004
1 - Star Room,4,5000,IHG: Maharashtra,763,HOT004
3 - Star Room,2,1000,IHG: Maharashtra,764,HOT004
4 - Star Room,2,3000,IHG: Maharashtra,765,HOT004
1 - Star Room,2,2000,IHG: Maharashtra,766,HOT004
6 - Star Room,1,1000,IHG: Maharashtra,767,HOT004
3 - Star Room,4,3000,IHG: Maharashtra,768,HOT004
1 - Star Room,4,5000,IHG: Maharashtra,769,HOT004
5 - Star Room,4,3000,IHG: Maharashtra,770,HOT004
1 - Star Room,4,5000,IHG: Maharashtra,771,HOT004
1 - Star Room,4,4000,IHG: Maharashtra,772,HOT004
2 - Star Room,4,3000,IHG: Telangana,773,HOT004
4 - Star Room,4,5000,IHG: Telangana,774,HOT004
1 - Star Room,1,2000,IHG: Telangana,775,HOT004
2 - Star Room,1,3000,IHG: Telangana,776,HOT004
6 - Star Room,1,5000,IHG: Telangana,777,HOT004
1 - Star Room,3,2000,IHG: Telangana,778,HOT004
5 - Star Room,2,3000,IHG: Telangana,779,HOT004
3 - Star Room,1,1000,IHG: Telangana,780,HOT004
3 - Star Room,3,4000,IHG: Telangana,781,HOT004
2 - Star Room,2,5000,IHG: Telangana,782,HOT004
1 - Star Room,1,1000,IHG: Telangana,783,HOT004
3 - Star Room,4,1000,IHG: Telangana,784,HOT004
5 - Star Room,1,2000,IHG: Telangana,785,HOT004
4 - Star Room,4,4000,IHG: Karnataka,786,HOT004
6 - Star Room,4,5000,IHG: Karnataka,787,HOT004
6 - Star Room,1,2000,IHG: Karnataka,788,HOT004
6 - Star Room,1,4000,IHG: Karnataka,789,HOT004
5 - Star Room,1,3000,IHG: Karnataka,790,HOT004
6 - Star Room,4,2000,IHG: Karnataka,791,HOT004
3 - Star Room,1,4000,IHG: Karnataka,792,HOT004
5 - Star Room,1,4000,IHG: Karnataka,793,HOT004
1 - Star Room,1,5000,IHG: Karnataka,794,HOT004
3 - Star Room,2,2000,IHG: Karnataka,795,HOT004
4 - Star Room,1,2000,IHG: Karnataka,796,HOT004
5 - Star Room,1,3000,IHG: Karnataka,797,HOT004
5 - Star Room,1,3000,IHG: Karnataka,798,HOT004
4 - Star Room,4,1000,IHG: Gujarat,799,HOT004
4 - Star Room,3,3000,IHG: Gujarat,800,HOT004
4 - Star Room,2,4000,IHG: Gujarat,801,HOT004
6 - Star Room,2,5000,IHG: Gujarat,802,HOT004
2 - Star Room,2,2000,IHG: Gujarat,803,HOT004
6 - Star Room,1,3000,IHG: Odisha,804,HOT004
3 - Star Room,1,1000,IHG: Odisha,805,HOT004
3 - Star Room,3,1000,IHG: Odisha,806,HOT004
6 - Star Room,2,4000,IHG: Odisha,807,HOT004
2 - Star Room,2,1000,IHG: Odisha,808,HOT004
4 - Star Room,2,3000,IHG: Odisha,809,HOT004
4 - Star Room,3,1000,IHG: Kerala,810,HOT004
6 - Star Room,4,3000,IHG: Kerala,811,HOT004
2 - Star Room,1,4000,IHG: Kerala,812,HOT004
4 - Star Room,3,2000,IHG: Kerala,813,HOT004
1 - Star Room,3,2000,IHG: Kerala,814,HOT004
3 - Star Room,1,5000,IHG: Kerala,815,HOT004
3 - Star Room,4,4000,IHG: Kerala,816,HOT004
4 - Star Room,2,2000,IHG: Kerala,817,HOT004
4 - Star Room,1,5000,IHG: Kerala,818,HOT004
4 - Star Room,2,1000,IHG: Rajasthan,819,HOT004
2 - Star Room,2,4000,IHG: Rajasthan,820,HOT004
4 - Star Room,3,3000,IHG: Rajasthan,821,HOT004
1 - Star Room,1,5000,IHG: Rajasthan,822,HOT004
2 - Star Room,4,4000,IHG: Rajasthan,823,HOT004
2 - Star Room,2,3000,IHG: Rajasthan,824,HOT004
5 - Star Room,4,2000,IHG: Rajasthan,825,HOT004
6 - Star Room,4,4000,IHG: Rajasthan,826,HOT004
3 - Star Room,4,4000,IHG: Rajasthan,827,HOT004
6 - Star Room,1,1000,IHG: Rajasthan,828,HOT004
3 - Star Room,3,4000,IHG: Rajasthan,829,HOT004
5 - Star Room,3,3000,IHG: Rajasthan,830,HOT004
2 - Star Room,4,1000,IHG: Andhra Pradesh,831,HOT004
4 - Star Room,1,4000,IHG: Andhra Pradesh,832,HOT004
6 - Star Room,2,4000,IHG: Andhra Pradesh,833,HOT004
5 - Star Room,2,2000,IHG: Andhra Pradesh,834,HOT004
1 - Star Room,2,1000,IHG: Andhra Pradesh,835,HOT004
1 - Star Room,1,2000,IHG: Andhra Pradesh,836,HOT004
3 - Star Room,3,4000,IHG: Andhra Pradesh,837,HOT004
3 - Star Room,3,5000,IHG: Andhra Pradesh,838,HOT004
5 - Star Room,3,5000,IHG: Andhra Pradesh,839,HOT004
2 - Star Room,4,4000,IHG: Andhra Pradesh,840,HOT004
1 - Star Room,1,2000,IHG: Andhra Pradesh,841,HOT004
3 - Star Room,1,2000,IHG: Andhra Pradesh,842,HOT004
3 - Star Room,2,3000,IHG: Chhattisgarh,843,HOT004
3 - Star Room,4,1000,IHG: Chhattisgarh,844,HOT004
2 - Star Room,1,3000,IHG: Chhattisgarh,845,HOT004
4 - Star Room,4,4000,IHG: Chhattisgarh,846,HOT004
2 - Star Room,3,3000,IHG: Chhattisgarh,847,HOT004
5 - Star Room,4,4000,IHG: Himachal Pradesh,848,HOT004
5 - Star Room,4,4000,IHG: Himachal Pradesh,849,HOT004
2 - Star Room,3,3000,IHG: Himachal Pradesh,850,HOT004
1 - Star Room,2,1000,IHG: Himachal Pradesh,851,HOT004
2 - Star Room,2,2000,IHG: Himachal Pradesh,852,HOT004
6 - Star Room,2,1000,IHG: Himachal Pradesh,853,HOT004
6 - Star Room,2,1000,IHG: Himachal Pradesh,854,HOT004
2 - Star Room,4,1000,IHG: Himachal Pradesh,855,HOT004
6 - Star Room,2,2000,IHG: Himachal Pradesh,856,HOT004
6 - Star Room,1,5000,IHG: Himachal Pradesh,857,HOT004
1 - Star Room,4,2000,IHG: Himachal Pradesh,858,HOT004
2 - Star Room,3,1000,IHG: Himachal Pradesh,859,HOT004
5 - Star Room,3,4000,IHG: Himachal Pradesh,860,HOT004
6 - Star Room,1,1000,IHG: Himachal Pradesh,861,HOT004
4 - Star Room,1,4000,IHG: Punjab,862,HOT004
3 - Star Room,2,1000,IHG: Punjab,863,HOT004
1 - Star Room,3,5000,IHG: Punjab,864,HOT004
3 - Star Room,4,1000,IHG: Punjab,865,HOT004
5 - Star Room,3,1000,IHG: Punjab,866,HOT004
2 - Star Room,1,3000,IHG: Punjab,867,HOT004
6 - Star Room,1,2000,IHG: Punjab,868,HOT004
2 - Star Room,3,1000,IHG: Punjab,869,HOT004
6 - Star Room,4,5000,IHG: Punjab,870,HOT004
3 - Star Room,2,5000,IHG: Punjab,871,HOT004
1 - Star Room,3,3000,IHG: Punjab,872,HOT004
4 - Star Room,4,5000,IHG: State,873,HOT004
5 - Star Room,3,1000,IHG: State,874,HOT004
2 - Star Room,3,1000,IHG: State,875,HOT004
2 - Star Room,1,2000,IHG: State,876,HOT004
6 - Star Room,1,2000,IHG: State,877,HOT004
3 - Star Room,3,4000,IHG: State,878,HOT004
4 - Star Room,2,2000,IHG: State,879,HOT004
2 - Star Room,3,5000,IHG: State,880,HOT004
2 - Star Room,2,4000,IHG: State,881,HOT004
4 - Star Room,1,2000,IHG: Uttar Pradesh,882,HOT004
5 - Star Room,2,4000,IHG: Uttar Pradesh,883,HOT004
5 - Star Room,1,4000,IHG: Uttar Pradesh,884,HOT004
1 - Star Room,4,2000,IHG: Uttar Pradesh,885,HOT004
5 - Star Room,1,1000,IHG: Uttar Pradesh,886,HOT004
2 - Star Room,2,1000,IHG: Uttar Pradesh,887,HOT004
5 - Star Room,3,5000,IHG: Uttar Pradesh,888,HOT004
3 - Star Room,2,4000,IHG: Uttar Pradesh,889,HOT004
6 - Star Room,4,3000,IHG: Uttar Pradesh,890,HOT004
4 - Star Room,2,4000,IHG: Uttar Pradesh,891,HOT004
4 - Star Room,1,5000,IHG: Uttar Pradesh,892,HOT004
3 - Star Room,4,2000,IHG: Uttar Pradesh,893,HOT004
1 - Star Room,4,1000,IHG: Uttar Pradesh,894,HOT004
1 - Star Room,4,5000,IHG: Uttar Pradesh,895,HOT004
4 - Star Room,4,4000,IHG: Uttar Pradesh,896,HOT004
3 - Star Room,4,3000,IHG: West Bengal,897,HOT004
6 - Star Room,3,5000,IHG: West Bengal,898,HOT004
1 - Star Room,3,3000,IHG: West Bengal,899,HOT004
1 - Star Room,2,4000,IHG: West Bengal,900,HOT004
3 - Star Room,4,3000,IHG: West Bengal,901,HOT004
2 - Star Room,4,3000,IHG: West Bengal,902,HOT004
6 - Star Room,3,4000,IHG: Uttarakhand,903,HOT004
4 - Star Room,1,1000,IHG: Uttarakhand,904,HOT004
1 - Star Room,4,5000,IHG: Uttarakhand,905,HOT004
5 - Star Room,1,2000,IHG: Uttarakhand,906,HOT004
1 - Star Room,2,1000,IHG: Uttarakhand,907,HOT004
6 - Star Room,4,3000,IHG: Uttarakhand,908,HOT004
1 - Star Room,3,3000,IHG: Uttarakhand,909,HOT004
1 - Star Room,2,5000,IHG: Uttarakhand,910,HOT004
5 - Star Room,2,2000,Wyndham: Goa,911,HOT005
1 - Star Room,3,1000,Wyndham: Goa,912,HOT005
6 - Star Room,4,5000,Wyndham: Goa,913,HOT005
6 - Star Room,2,1000,Wyndham: Goa,914,HOT005
1 - Star Room,1,3000,Wyndham: Goa,915,HOT005
5 - Star Room,4,4000,Wyndham: Goa,916,HOT005
3 - Star Room,4,4000,Wyndham: Goa,917,HOT005
5 - Star Room,1,5000,Wyndham: Goa,918,HOT005
2 - Star Room,1,1000,Wyndham: Goa,919,HOT005
4 - Star Room,2,5000,Wyndham: Goa,920,HOT005
6 - Star Room,1,5000,Wyndham: Goa,921,HOT005
3 - Star Room,1,5000,Wyndham: Goa,922,HOT005
6 - Star Room,2,4000,Wyndham: Goa,923,HOT005
4 - Star Room,2,5000,Wyndham: Goa,924,HOT005
5 - Star Room,2,1000,Wyndham: Goa,925,HOT005
1 - Star Room,2,5000,Wyndham: Assam,926,HOT005
1 - Star Room,2,1000,Wyndham: Assam,927,HOT005
5 - Star Room,4,3000,Wyndham: Assam,928,HOT005
5 - Star Room,3,1000,Wyndham: Assam,929,HOT005
3 - Star Room,2,5000,Wyndham: Assam,930,HOT005
2 - Star Room,2,5000,Wyndham: Assam,931,HOT005
4 - Star Room,4,2000,Wyndham: Assam,932,HOT005
2 - Star Room,1,4000,Wyndham: Assam,933,HOT005
4 - Star Room,3,2000,Wyndham: Assam,934,HOT005
5 - Star Room,2,2000,Wyndham: Assam,935,HOT005
5 - Star Room,3,3000,Wyndham: Assam,936,HOT005
3 - Star Room,3,1000,Wyndham: Assam,937,HOT005
4 - Star Room,2,4000,Wyndham: Madhya Pradesh,938,HOT005
5 - Star Room,1,3000,Wyndham: Madhya Pradesh,939,HOT005
5 - Star Room,3,4000,Wyndham: Madhya Pradesh,940,HOT005
4 - Star Room,2,5000,Wyndham: Madhya Pradesh,941,HOT005
2 - Star Room,4,5000,Wyndham: Madhya Pradesh,942,HOT005
4 - Star Room,4,3000,Wyndham: Madhya Pradesh,943,HOT005
6 - Star Room,2,2000,Wyndham: Madhya Pradesh,944,HOT005
6 - Star Room,3,3000,Wyndham: Puducherry,945,HOT005
2 - Star Room,4,2000,Wyndham: Puducherry,946,HOT005
3 - Star Room,4,2000,Wyndham: Puducherry,947,HOT005
2 - Star Room,1,2000,Wyndham: Puducherry,948,HOT005
3 - Star Room,4,1000,Wyndham: Puducherry,949,HOT005
5 - Star Room,4,4000,Wyndham: Puducherry,950,HOT005
4 - Star Room,2,2000,Wyndham: Puducherry,951,HOT005
3 - Star Room,4,5000,Wyndham: Puducherry,952,HOT005
4 - Star Room,1,3000,Wyndham: Tamil Nadu,953,HOT005
2 - Star Room,4,1000,Wyndham: Tamil Nadu,954,HOT005
3 - Star Room,2,4000,Wyndham: Tamil Nadu,955,HOT005
4 - Star Room,4,5000,Wyndham: Tamil Nadu,956,HOT005
5 - Star Room,1,1000,Wyndham: Tamil Nadu,957,HOT005
1 - Star Room,2,4000,Wyndham: Tamil Nadu,958,HOT005
2 - Star Room,2,2000,Wyndham: Tamil Nadu,959,HOT005
4 - Star Room,3,4000,Wyndham: Tamil Nadu,960,HOT005
6 - Star Room,2,5000,Wyndham: Tamil Nadu,961,HOT005
5 - Star Room,2,5000,Wyndham: Tamil Nadu,962,HOT005
3 - Star Room,2,1000,Wyndham: Tamil Nadu,963,HOT005
4 - Star Room,1,5000,Wyndham: Tamil Nadu,964,HOT005
5 - Star Room,2,3000,Wyndham: Jammu and Kashmir,965,HOT005
5 - Star Room,3,5000,Wyndham: Jammu and Kashmir,966,HOT005
4 - Star Room,2,2000,Wyndham: Jammu and Kashmir,967,HOT005
1 - Star Room,1,5000,Wyndham: Jammu and Kashmir,968,HOT005
6 - Star Room,4,2000,Wyndham: Jammu and Kashmir,969,HOT005
3 - Star Room,2,1000,Wyndham: Jammu and Kashmir,970,HOT005
4 - Star Room,4,4000,Wyndham: Bihar,971,HOT005
2 - Star Room,1,1000,Wyndham: Bihar,972,HOT005
3 - Star Room,4,2000,Wyndham: Bihar,973,HOT005
6 - Star Room,3,5000,Wyndham: Bihar,974,HOT005
4 - Star Room,4,1000,Wyndham: Bihar,975,HOT005
2 - Star Room,2,5000,Wyndham: Maharashtra,976,HOT005
5 - Star Room,4,3000,Wyndham: Maharashtra,977,HOT005
1 - Star Room,1,2000,Wyndham: Maharashtra,978,HOT005
4 - Star Room,2,3000,Wyndham: Maharashtra,979,HOT005
6 - Star Room,4,1000,Wyndham: Maharashtra,980,HOT005
5 - Star Room,1,3000,Wyndham: Maharashtra,981,HOT005
6 - Star Room,1,2000,Wyndham: Maharashtra,982,HOT005
5 - Star Room,2,1000,Wyndham: Telangana,983,HOT005
4 - Star Room,3,3000,Wyndham: Telangana,984,HOT005
3 - Star Room,3,1000,Wyndham: Telangana,985,HOT005
5 - Star Room,1,4000,Wyndham: Telangana,986,HOT005
2 - Star Room,1,1000,Wyndham: Telangana,987,HOT005
2 - Star Room,2,2000,Wyndham: Telangana,988,HOT005
6 - Star Room,1,3000,Wyndham: Telangana,989,HOT005
5 - Star Room,3,4000,Wyndham: Telangana,990,HOT005
1 - Star Room,4,1000,Wyndham: Telangana,991,HOT005
1 - Star Room,2,4000,Wyndham: Telangana,992,HOT005
6 - Star Room,1,3000,Wyndham: Telangana,993,HOT005
3 - Star Room,3,2000,Wyndham: Telangana,994,HOT005
4 - Star Room,1,3000,Wyndham: Telangana,995,HOT005
4 - Star Room,2,1000,Wyndham: Karnataka,996,HOT005
3 - Star Room,1,3000,Wyndham: Karnataka,997,HOT005
3 - Star Room,4,2000,Wyndham: Karnataka,998,HOT005
4 - Star Room,3,4000,Wyndham: Karnataka,999,HOT005
2 - Star Room,4,4000,Wyndham: Karnataka,1000,HOT005
3 - Star Room,4,3000,Wyndham: Karnataka,1001,HOT005
5 - Star Room,2,4000,Wyndham: Karnataka,1002,HOT005
2 - Star Room,4,2000,Wyndham: Karnataka,1003,HOT005
2 - Star Room,4,1000,Wyndham: Karnataka,1004,HOT005
6 - Star Room,4,1000,Wyndham: Karnataka,1005,HOT005
3 - Star Room,2,3000,Wyndham: Gujarat,1006,HOT005
4 - Star Room,3,3000,Wyndham: Gujarat,1007,HOT005
1 - Star Room,1,4000,Wyndham: Gujarat,1008,HOT005
3 - Star Room,2,2000,Wyndham: Gujarat,1009,HOT005
5 - Star Room,2,3000,Wyndham: Gujarat,1010,HOT005
4 - Star Room,4,1000,Wyndham: Gujarat,1011,HOT005
6 - Star Room,4,2000,Wyndham: Gujarat,1012,HOT005
5 - Star Room,2,2000,Wyndham: Gujarat,1013,HOT005
2 - Star Room,4,3000,Wyndham: Gujarat,1014,HOT005
1 - Star Room,2,4000,Wyndham: Gujarat,1015,HOT005
2 - Star Room,3,1000,Wyndham: Gujarat,1016,HOT005
2 - Star Room,4,2000,Wyndham: Gujarat,1017,HOT005
4 - Star Room,4,1000,Wyndham: Odisha,1018,HOT005
2 - Star Room,3,2000,Wyndham: Odisha,1019,HOT005
5 - Star Room,3,1000,Wyndham: Odisha,1020,HOT005
1 - Star Room,3,2000,Wyndham: Odisha,1021,HOT005
2 - Star Room,1,5000,Wyndham: Odisha,1022,HOT005
6 - Star Room,4,5000,Wyndham: Odisha,1023,HOT005
5 - Star Room,4,4000,Wyndham: Odisha,1024,HOT005
3 - Star Room,1,5000,Wyndham: Odisha,1025,HOT005
2 - Star Room,1,1000,Wyndham: Odisha,1026,HOT005
1 - Star Room,2,2000,Wyndham: Kerala,1027,HOT005
6 - Star Room,3,2000,Wyndham: Kerala,1028,HOT005
4 - Star Room,2,5000,Wyndham: Kerala,1029,HOT005
5 - Star Room,4,5000,Wyndham: Kerala,1030,HOT005
2 - Star Room,3,4000,Wyndham: Kerala,1031,HOT005
4 - Star Room,3,5000,Wyndham: Kerala,1032,HOT005
3 - Star Room,2,3000,Wyndham: Kerala,1033,HOT005
1 - Star Room,2,1000,Wyndham: Kerala,1034,HOT005
5 - Star Room,3,5000,Wyndham: Kerala,1035,HOT005
3 - Star Room,3,2000,Wyndham: Kerala,1036,HOT005
2 - Star Room,2,5000,Wyndham: Kerala,1037,HOT005
3 - Star Room,3,1000,Wyndham: Kerala,1038,HOT005
5 - Star Room,2,1000,Wyndham: Kerala,1039,HOT005
2 - Star Room,2,2000,Wyndham: Rajasthan,1040,HOT005
2 - Star Room,1,1000,Wyndham: Rajasthan,1041,HOT005
5 - Star Room,4,3000,Wyndham: Rajasthan,1042,HOT005
2 - Star Room,1,2000,Wyndham: Rajasthan,1043,HOT005
6 - Star Room,4,1000,Wyndham: Rajasthan,1044,HOT005
1 - Star Room,2,1000,Wyndham: Rajasthan,1045,HOT005
2 - Star Room,1,2000,Wyndham: Andhra Pradesh,1046,HOT005
4 - Star Room,3,1000,Wyndham: Andhra Pradesh,1047,HOT005
6 - Star Room,4,5000,Wyndham: Andhra Pradesh,1048,HOT005
3 - Star Room,4,4000,Wyndham: Andhra Pradesh,1049,HOT005
5 - Star Room,4,4000,Wyndham: Andhra Pradesh,1050,HOT005
5 - Star Room,4,5000,Wyndham: Andhra Pradesh,1051,HOT005
1 - Star Room,4,4000,Wyndham: Chhattisgarh,1052,HOT005
3 - Star Room,1,3000,Wyndham: Chhattisgarh,1053,HOT005
2 - Star Room,2,5000,Wyndham: Chhattisgarh,1054,HOT005
3 - Star Room,2,4000,Wyndham: Chhattisgarh,1055,HOT005
6 - Star Room,1,2000,Wyndham: Chhattisgarh,1056,HOT005
6 - Star Room,3,5000,Wyndham: Chhattisgarh,1057,HOT005
1 - Star Room,1,5000,Wyndham: Chhattisgarh,1058,HOT005
2 - Star Room,1,5000,Wyndham: Chhattisgarh,1059,HOT005
4 - Star Room,2,1000,Wyndham: Himachal Pradesh,1060,HOT005
5 - Star Room,3,5000,Wyndham: Himachal Pradesh,1061,HOT005
2 - Star Room,1,1000,Wyndham: Himachal Pradesh,1062,HOT005
3 - Star Room,1,4000,Wyndham: Himachal Pradesh,1063,HOT005
5 - Star Room,1,3000,Wyndham: Himachal Pradesh,1064,HOT005
3 - Star Room,3,3000,Wyndham: Himachal Pradesh,1065,HOT005
2 - Star Room,4,1000,Wyndham: Himachal Pradesh,1066,HOT005
2 - Star Room,1,5000,Wyndham: Himachal Pradesh,1067,HOT005
1 - Star Room,3,3000,Wyndham: Himachal Pradesh,1068,HOT005
3 - Star Room,4,5000,Wyndham: Himachal Pradesh,1069,HOT005
4 - Star Room,3,1000,Wyndham: Himachal Pradesh,1070,HOT005
6 - Star Room,4,5000,Wyndham: Himachal Pradesh,1071,HOT005
5 - Star Room,3,1000,Wyndham: Himachal Pradesh,1072,HOT005
5 - Star Room,1,3000,Wyndham: Punjab,1073,HOT005
1 - Star Room,2,1000,Wyndham: Punjab,1074,HOT005
3 - Star Room,1,3000,Wyndham: Punjab,1075,HOT005
5 - Star Room,4,2000,Wyndham: Punjab,1076,HOT005
6 - Star Room,3,1000,Wyndham: Punjab,1077,HOT005
4 - Star Room,3,4000,Wyndham: Punjab,1078,HOT005
4 - Star Room,3,4000,Wyndham: Punjab,1079,HOT005
1 - Star Room,2,5000,Wyndham: Punjab,1080,HOT005
4 - Star Room,2,1000,Wyndham: Punjab,1081,HOT005
5 - Star Room,1,2000,Wyndham: Punjab,1082,HOT005
5 - Star Room,1,2000,Wyndham: Punjab,1083,HOT005
2 - Star Room,1,5000,Wyndham: Punjab,1084,HOT005
2 - Star Room,3,2000,Wyndham: Punjab,1085,HOT005
4 - Star Room,1,2000,Wyndham: Punjab,1086,HOT005
3 - Star Room,2,1000,Wyndham: Punjab,1087,HOT005
4 - Star Room,1,2000,Wyndham: State,1088,HOT005
6 - Star Room,2,2000,Wyndham: State,1089,HOT005
6 - Star Room,3,3000,Wyndham: State,1090,HOT005
2 - Star Room,4,1000,Wyndham: State,1091,HOT005
5 - Star Room,2,4000,Wyndham: State,1092,HOT005
4 - Star Room,1,4000,Wyndham: State,1093,HOT005
2 - Star Room,2,2000,Wyndham: State,1094,HOT005
3 - Star Room,4,3000,Wyndham: State,1095,HOT005
5 - Star Room,4,4000,Wyndham: State,1096,HOT005
2 - Star Room,3,1000,Wyndham: State,1097,HOT005
4 - Star Room,3,1000,Wyndham: State,1098,HOT005
6 - Star Room,2,1000,Wyndham: State,1099,HOT005
5 - Star Room,3,4000,Wyndham: State,1100,HOT005
1 - Star Room,2,1000,Wyndham: State,1101,HOT005
2 - Star Room,1,5000,Wyndham: Uttar Pradesh,1102,HOT005
1 - Star Room,4,1000,Wyndham: Uttar Pradesh,1103,HOT005
1 - Star Room,2,4000,Wyndham: Uttar Pradesh,1104,HOT005
4 - Star Room,3,5000,Wyndham: Uttar Pradesh,1105,HOT005
3 - Star Room,2,3000,Wyndham: Uttar Pradesh,1106,HOT005
3 - Star Room,2,2000,Wyndham: Uttar Pradesh,1107,HOT005
1 - Star Room,2,2000,Wyndham: Uttar Pradesh,1108,HOT005
2 - Star Room,2,5000,Wyndham: Uttar Pradesh,1109,HOT005
3 - Star Room,3,4000,Wyndham: Uttar Pradesh,1110,HOT005
5 - Star Room,2,3000,Wyndham: West Bengal,1111,HOT005
5 - Star Room,1,3000,Wyndham: West Bengal,1112,HOT005
4 - Star Room,4,2000,Wyndham: West Bengal,1113,HOT005
5 - Star Room,3,4000,Wyndham: West Bengal,1114,HOT005
6 - Star Room,3,1000,Wyndham: West Bengal,1115,HOT005
3 - Star Room,1,5000,Wyndham: West Bengal,1116,HOT005
3 - Star Room,3,2000,Wyndham: West Bengal,1117,HOT005
1 - Star Room,2,4000,Wyndham: West Bengal,1118,HOT005
3 - Star Room,2,3000,Wyndham: West Bengal,1119,HOT005
5 - Star Room,4,4000,Wyndham: West Bengal,1120,HOT005
2 - Star Room,2,5000,Wyndham: West Bengal,1121,HOT005
3 - Star Room,2,2000,Wyndham: West Bengal,1122,HOT005
5 - Star Room,1,4000,Wyndham: West Bengal,1123,HOT005
5 - Star Room,1,5000,Wyndham: Uttarakhand,1124,HOT005
6 - Star Room,2,4000,Wyndham: Uttarakhand,1125,HOT005
2 - Star Room,2,1000,Wyndham: Uttarakhand,1126,HOT005
3 - Star Room,1,3000,Wyndham: Uttarakhand,1127,HOT005
5 - Star Room,3,5000,Wyndham: Uttarakhand,1128,HOT005
4 - Star Room,4,2000,Wyndham: Uttarakhand,1129,HOT005
2 - Star Room,3,1000,Wyndham: Uttarakhand,1130,HOT005
4 - Star Room,3,5000,Wyndham: Uttarakhand,1131,HOT005
1 - Star Room,1,3000,Wyndham: Uttarakhand,1132,HOT005
6 - Star Room,4,2000,Wyndham: Uttarakhand,1133,HOT005
2 - Star Room,2,5000,Wyndham: Uttarakhand,1134,HOT005
1 - Star Room,4,5000,Wyndham: Uttarakhand,1135,HOT005
3 - Star Room,2,4000,Wyndham: Uttarakhand,1136,HOT005
3 - Star Room,1,4000,Wyndham: Uttarakhand,1137,HOT005
5 - Star Room,4,3000,Wyndham: Uttarakhand,1138,HOT005
